t_star,auroc,auprc,best_f1,f1_val_threshold,recall,specificity,precision
2,0.8512212602814528,0.4440614995622517,0.5452380952380953,0.0,0.0,0.9833448993754337,0.0
5,0.8534464909386696,0.43779483678691355,0.544891640866873,0.0,0.0,0.9826509368494102,0.0
10,0.8516399130840377,0.4361214676100196,0.5423728813559322,0.0,0.0,0.9826509368494102,0.0
20,0.8437037121306926,0.4317951768924976,0.5410821643286573,0.0,0.0,0.9819569743233866,0.0
30,0.8384955802550597,0.42755939390277614,0.5329400196656834,0.017857142857142856,0.009836065573770493,0.9805690492713394,0.0967741935483871
40,0.8365797886258404,0.4272254615989729,0.5294705294705294,0.09169054441260745,0.05245901639344262,0.9805690492713394,0.36363636363636365
50,0.8351076779558821,0.42413914403249514,0.5275590551181103,0.13812154696132597,0.08196721311475409,0.9777931991672449,0.43859649122807015
70,0.8242682108280908,0.40948443147067026,0.5193578847969782,0.2245430809399478,0.14098360655737704,0.9757113115891742,0.5512820512820513
100,0.6095471041285081,0.23580725595630994,0.3437185929648241,0.006349206349206349,0.003278688524590164,0.9937543372657877,0.1
