model,seed,n,n_anomalous,auroc,auprc,best_f1,best_f1_precision,best_f1_recall,threshold,f1_val_threshold,precision,recall,specificity
diffusion,0,1746,305,0.8442634327254526,0.4306002307202708,0.5497435897435897,0.4,0.8786885245901639,0.10687743872404099,0.21108179419525067,0.5405405405405406,0.13114754098360656,0.9764052741151977
diffusion,1,1746,305,0.8330826725520756,0.42074850826951077,0.5413105413105413,0.3810160427807487,0.9344262295081968,0.12092050909996033,0.15258855585831063,0.45161290322580644,0.09180327868852459,0.9764052741151977
diffusion,2,1746,305,0.8544976735190726,0.44831802476693106,0.5639476334340383,0.4069767441860465,0.9180327868852459,0.09868364781141281,0.2245430809399478,0.5512820512820513,0.14098360655737704,0.9757113115891742
autoencoder,0,1746,305,0.8112399176346117,0.35999366290516344,0.5379568884723525,0.3766404199475066,0.940983606557377,0.45660290122032166,0.35080645161290325,0.45549738219895286,0.28524590163934427,0.9278278972935462
autoencoder,1,1746,305,0.796789570084527,0.339231652212068,0.5323609845031905,0.3686868686868687,0.9573770491803278,0.467925488948822,0.33064516129032256,0.4293193717277487,0.26885245901639343,0.9243580846634282
autoencoder,2,1746,305,0.8166642017724486,0.38665834682748296,0.5332120109190174,0.3690176322418136,0.9606557377049181,0.4563266336917877,0.32653061224489793,0.5294117647058824,0.2360655737704918,0.9555863983344899
vae,0,1746,305,0.8112035130430826,0.3756050223349679,0.5345622119815668,0.3717948717948718,0.9508196721311475,0.46829932928085327,0.34177215189873417,0.47928994082840237,0.26557377049180325,0.9389312977099237
vae,1,1746,305,0.801203626807431,0.3419568230163421,0.5270629991126886,0.3613138686131387,0.9737704918032787,0.4629804193973541,0.3445544554455445,0.435,0.28524590163934427,0.9215822345593337
vae,2,1746,305,0.8041819774519061,0.35030246863192765,0.5221318879855464,0.36034912718204487,0.9475409836065574,0.47810009121894836,0.356,0.4564102564102564,0.29180327868852457,0.926439972241499
